-- MySQL dump 10.13  Distrib 5.7.12, for Win32 (AMD64)
--
-- Host: localhost    Database: languagelearning
-- ------------------------------------------------------
-- Server version	5.7.15-log

/*!40101 SET @OLD_CHARACTER_SET_CLIENT=@@CHARACTER_SET_CLIENT */;
/*!40101 SET @OLD_CHARACTER_SET_RESULTS=@@CHARACTER_SET_RESULTS */;
/*!40101 SET @OLD_COLLATION_CONNECTION=@@COLLATION_CONNECTION */;
/*!40101 SET NAMES utf8 */;
/*!40103 SET @OLD_TIME_ZONE=@@TIME_ZONE */;
/*!40103 SET TIME_ZONE='+00:00' */;
/*!40014 SET @OLD_UNIQUE_CHECKS=@@UNIQUE_CHECKS, UNIQUE_CHECKS=0 */;
/*!40014 SET @OLD_FOREIGN_KEY_CHECKS=@@FOREIGN_KEY_CHECKS, FOREIGN_KEY_CHECKS=0 */;
/*!40101 SET @OLD_SQL_MODE=@@SQL_MODE, SQL_MODE='NO_AUTO_VALUE_ON_ZERO' */;
/*!40111 SET @OLD_SQL_NOTES=@@SQL_NOTES, SQL_NOTES=0 */;

--
-- Table structure for table `materials`
--

DROP TABLE IF EXISTS `materials`;
/*!40101 SET @saved_cs_client     = @@character_set_client */;
/*!40101 SET character_set_client = utf8 */;
CREATE TABLE `materials` (
  `id` int(11) NOT NULL AUTO_INCREMENT,
  `name` varchar(35) NOT NULL,
  PRIMARY KEY (`id`)
) ENGINE=InnoDB AUTO_INCREMENT=46 DEFAULT CHARSET=utf8;
/*!40101 SET character_set_client = @saved_cs_client */;

--
-- Dumping data for table `materials`
--

LOCK TABLES `materials` WRITE;
/*!40000 ALTER TABLE `materials` DISABLE KEYS */;
INSERT INTO `materials` VALUES (1,'Lessons'),(2,'Groceries'),(3,'Adrenalin Capital'),(4,'Friends'),(5,'Mobile Mad'),(6,'Family Tree'),(7,'Grind'),(8,'Relationships'),(9,'Chandigarh in India'),(10,'Nice to Meet You'),(11,'Happy Birthday'),(12,'College Life'),(13,'Where are you from?'),(14,'Dating Game'),(15,'DVD Movie Rentals'),(16,'Tell me about yourself'),(17,'Picnic Preparations'),(18,'Sightseeing in Town'),(19,'Homestay in the USA'),(20,'Video Rental Shop'),(21,'Sculpture of Guilt'),(22,'Feng Shui'),(23,'After work activities'),(24,'Detective Agency'),(25,'CV'),(26,'Collocation with prepositions'),(27,'Trojan War'),(28,'Epic Films'),(29,'Old or New'),(30,'Time Expressions'),(31,'Good Old Days'),(32,'China'),(33,'Adjectives + Adverbs'),(34,'Snow Skiing'),(35,'Student Credit Cards'),(36,'A Healthy Lifestyle'),(37,'Hiking Family'),(38,'A Story to Remember'),(39,'Airline Safety'),(40,'Back to School Supplies'),(41,'Breakfast Recipes'),(42,'Budget Hotel Rooms'),(43,'Bus Trip'),(44,'Overall'),(45,'Phrases');
/*!40000 ALTER TABLE `materials` ENABLE KEYS */;
UNLOCK TABLES;

--
-- Table structure for table `wordreferences`
--

DROP TABLE IF EXISTS `wordreferences`;
/*!40101 SET @saved_cs_client     = @@character_set_client */;
/*!40101 SET character_set_client = utf8 */;
CREATE TABLE `wordreferences` (
  `id` int(11) NOT NULL AUTO_INCREMENT,
  `wordid` int(11) NOT NULL,
  `wordreferenceid` int(11) NOT NULL,
  PRIMARY KEY (`id`),
  KEY `fk_word` (`wordid`),
  KEY `fk_wordreference` (`wordreferenceid`),
  CONSTRAINT `fk_word` FOREIGN KEY (`wordid`) REFERENCES `words` (`id`),
  CONSTRAINT `fk_wordreference` FOREIGN KEY (`wordreferenceid`) REFERENCES `words` (`id`)
) ENGINE=InnoDB AUTO_INCREMENT=61 DEFAULT CHARSET=utf8;
/*!40101 SET character_set_client = @saved_cs_client */;

--
-- Dumping data for table `wordreferences`
--

LOCK TABLES `wordreferences` WRITE;
/*!40000 ALTER TABLE `wordreferences` DISABLE KEYS */;
INSERT INTO `wordreferences` VALUES (1,1,9),(2,9,1),(3,10,11),(4,10,12),(5,11,10),(6,11,12),(7,12,10),(8,12,11),(9,47,76),(10,76,47),(11,47,111),(12,76,111),(13,111,47),(14,111,76),(15,109,121),(16,109,122),(17,121,109),(18,121,122),(19,122,109),(20,122,121),(21,237,238),(22,238,237),(23,252,253),(24,253,252),(25,262,263),(26,262,264),(27,263,262),(28,263,264),(29,264,262),(30,264,263),(31,146,278),(32,278,146),(33,282,285),(34,285,282),(35,288,289),(36,289,288),(37,276,291),(38,291,276),(39,292,293),(40,293,292),(41,67,286),(42,286,67),(43,161,351),(44,351,161),(45,119,433),(46,433,119),(47,429,503),(48,503,429),(49,578,636),(50,636,578),(51,259,732),(52,259,733),(53,732,259),(54,732,733),(55,733,259),(56,733,732),(57,110,756),(58,756,110),(59,772,773),(60,773,772);
/*!40000 ALTER TABLE `wordreferences` ENABLE KEYS */;
UNLOCK TABLES;

--
-- Table structure for table `words`
--

DROP TABLE IF EXISTS `words`;
/*!40101 SET @saved_cs_client     = @@character_set_client */;
/*!40101 SET character_set_client = utf8 */;
CREATE TABLE `words` (
  `id` int(11) NOT NULL AUTO_INCREMENT,
  `origin` varchar(512) NOT NULL,
  `origincomments` varchar(1024) DEFAULT NULL,
  `translation` varchar(512) NOT NULL,
  `translationcomments` varchar(1024) DEFAULT NULL,
  `typeid` int(11) NOT NULL DEFAULT '0',
  `stars` int(11) NOT NULL DEFAULT '0',
  `materialid` int(11) DEFAULT NULL,
  PRIMARY KEY (`id`),
  UNIQUE KEY `origin` (`origin`),
  KEY `fk_wordtype` (`typeid`),
  CONSTRAINT `fk_wordtype` FOREIGN KEY (`typeid`) REFERENCES `wordtype` (`id`)
) ENGINE=InnoDB AUTO_INCREMENT=873 DEFAULT CHARSET=utf8;
/*!40101 SET character_set_client = @saved_cs_client */;

--
-- Dumping data for table `words`
--

LOCK TABLES `words` WRITE;
/*!40000 ALTER TABLE `words` DISABLE KEYS */;
INSERT INTO `words` VALUES (1,'gain','(experience, weight)','набирать','',0,0,1),(9,'put on','(experience, weight)','набирать','',0,0,1),(10,'seat on','(on a diet)','соблюдать, придерживаться','',0,0,1),(11,'keep on','','соблюдать, придерживаться','',0,0,1),(12,'going on','','соблюдать, придерживаться','',0,0,1),(15,'helmet',NULL,'шлем',NULL,0,0,1),(16,'give away',NULL,'отдавать, раздавать',NULL,0,0,2),(17,'carton',NULL,'коробка',NULL,0,0,2),(18,'elbow',NULL,'локоть',NULL,0,0,1),(19,'wrist',NULL,'запястье',NULL,0,0,1),(20,'thumb',NULL,'большой палец',NULL,0,0,1),(21,'toe',NULL,'пальцы ног',NULL,0,0,1),(22,'ankle',NULL,'лодыжка',NULL,0,0,1),(23,'waist',NULL,'талия',NULL,0,0,1),(24,'jaw','pron (!)','челюсть',NULL,0,0,3),(33,'certainty','almost certainty','уверенность','несомненный факт',0,0,3),(34,'breeding ground',NULL,'место размножения',NULL,0,0,3),(35,'jackass penguin',NULL,'африканский пингвин','',0,0,3),(36,'fur seal',NULL,'морской котик',NULL,0,0,3),(37,'cage',NULL,'клетка',NULL,0,0,3),(39,'lure',NULL,'искушать, приманка',NULL,0,0,3),(40,'pilchard',NULL,'сардина',NULL,0,0,3),(41,'bait',NULL,'приманка',NULL,0,0,3),(42,'yawn','pron (!)','зевать',NULL,0,0,3),(43,'up close',NULL,'близко',NULL,0,0,3),(44,'skydive',NULL,'прыгать с парашютом',NULL,0,0,3),(45,'aircraft',NULL,'самолет',NULL,0,0,3),(46,'swing',NULL,'качели, качать',NULL,0,0,3),(47,'bend',NULL,'изгиб, гнуть',NULL,0,0,3),(48,'backward',NULL,'назад',NULL,0,0,3),(49,'to get as close as 30m',NULL,'приблизиться на 30 метров',NULL,0,0,3),(50,'herd',NULL,'стадо, пасти, собирать животных',NULL,0,0,3),(51,'thrilling',NULL,'захватывающий',NULL,0,0,3),(52,'rifle',NULL,'винтовка',NULL,0,0,3),(53,'rhino','pron (!)','носорог',NULL,0,0,3),(54,'buffalo','pron (!)','буйвол',NULL,0,0,3),(55,'drift',NULL,'плыть по течению',NULL,0,0,3),(56,'valley','pron (!)','долина',NULL,0,0,3),(57,'gentle',NULL,'нежный, мягкий, легкий',NULL,0,0,3),(58,'refined',NULL,'изысканный, утонченный, изящный',NULL,0,0,3),(59,'thick',NULL,'толстый',NULL,0,0,3),(60,'tyre',NULL,'шина',NULL,0,0,3),(61,'automatic gears',NULL,'автоматический механизм (автоматическая коробка передач)',NULL,0,0,3),(62,'handle',NULL,'управлять, обращаться',NULL,0,0,3),(63,'steep',NULL,'крутой, отвесный',NULL,0,0,3),(64,'with ease',NULL,'с легкостью',NULL,0,0,3),(65,'track',NULL,'трек, трасса, след',NULL,0,0,3),(66,'mud','pron (!)','грязь',NULL,0,0,3),(67,'rocky',NULL,'1) скалистый 2) неустойчивый, твердый, пошатнувшийся',NULL,0,0,3),(68,'escarpment',NULL,'откос',NULL,0,0,3),(69,'vast','pron (!)','обширный, огромный',NULL,0,0,3),(70,'landscape',NULL,'пейзаж, ландшафт',NULL,0,0,3),(71,'scattered (wtih)',NULL,'усеянный чем-либо, разбросанный, разрозненный',NULL,0,0,3),(72,'crag',NULL,'скала',NULL,0,0,3),(73,'graded',NULL,'градуированный',NULL,0,0,3),(74,'expetise',NULL,'экспертиза, знание, опыт, компетенция',NULL,0,0,3),(75,'rubber',NULL,'каучук, резиновый',NULL,0,0,3),(76,'band',NULL,'лента, полоса',NULL,0,0,3),(77,'rush',NULL,'прилив, торопиться, бросаться, выброс',NULL,0,0,3),(78,'with a drop of 1000m',NULL,'со снижением в 1000 метров',NULL,0,0,3),(79,'dangling',NULL,'висящий',NULL,0,0,3),(80,'feet',NULL,'фут',NULL,0,0,3),(81,'for a few thousand feet',NULL,'на несколько тысяч футов',NULL,0,0,3),(82,'cable car',NULL,'вагон фуникулера',NULL,0,0,3),(83,'edge',NULL,'пробираться, медленно продвигаться',NULL,0,0,3),(84,'over the side of the mountain',NULL,'по склону горы',NULL,0,0,3),(85,'suppose to be',NULL,'должен быть',NULL,0,0,3),(86,'bounce',NULL,'подпрыгивать, отскакивать',NULL,0,0,3),(87,'exhilaration',NULL,'возбуждение',NULL,0,0,3),(88,'pour',NULL,'лить, разливать',NULL,0,0,3),(89,'sweat',NULL,'пот',NULL,0,0,3),(90,'river runs through',NULL,'река протекает через',NULL,0,0,3),(91,'most',NULL,'большинство',NULL,0,0,3),(92,'pick up speed',NULL,'набирать скорость',NULL,0,0,3),(93,'wilderness',NULL,'дикая местность, пустыня',NULL,0,0,3),(94,'bushbuck',NULL,'лесная антилопа',NULL,0,0,3),(95,'occasional',NULL,'случайный',NULL,0,0,3),(96,'abseil',NULL,'спускать с крутизны по веревке',NULL,0,0,3),(97,'instruct someone on sth',NULL,'инструктировать кого-либо в чем-либо',NULL,1,0,3),(98,'by far',NULL,'1) безусловно 2) намного',NULL,0,0,4),(99,'profitable',NULL,'выгодный, доходный, прибыльный',NULL,0,0,4),(100,'series',NULL,'сериал',NULL,0,0,4),(101,'record',NULL,'рекорд',NULL,0,0,4),(102,'household name',NULL,'общеизвестное, нарицательное имя',NULL,0,0,4),(103,'favorite with',NULL,'фаворит у',NULL,0,0,4),(104,'tune in',NULL,'настраивать',NULL,0,0,4),(105,'command','(ask and receive)\n(-)','стоить','(-)',0,0,4),(106,'brainchild',NULL,'зымысел, выдумка',NULL,0,0,4),(107,'cast',NULL,'тип, образец',NULL,0,0,4),(108,'identify with',NULL,'отождествить с',NULL,0,0,4),(109,'endearing',NULL,'милый, привлекательный',NULL,0,0,4),(110,'irritating',NULL,'раздражающий',NULL,0,0,4),(111,'bond',NULL,'узы, связь',NULL,0,0,4),(112,'to share a common bond','','иметь общие связи',NULL,1,0,4),(113,'loyalty',NULL,'верность, преданность',NULL,0,0,4),(114,'leisure','pron (!)','досуг, свободное время',NULL,0,0,4),(115,'unfeasibly',NULL,'невозможно, неосуществимо',NULL,0,0,4),(116,'to lead live of endless leisure',NULL,'вести жизнь бесконечного досуга',NULL,1,0,4),(117,'bring in',NULL,'вводить, вносить',NULL,0,0,4),(118,'in order to',NULL,'для того, чтобы',NULL,0,0,4),(119,'run out','run out of stream','истощаться',NULL,0,0,4),(120,'steam',NULL,'пар, энергий, энтузиазм',NULL,0,0,4),(121,'appealing',NULL,'привлекательный',NULL,0,0,4),(122,'attractive',NULL,'привлекательный',NULL,0,0,4),(124,'to apologize to smb for sth',NULL,'извиниться перед кем-то за что-либо',NULL,1,0,1),(125,'to make an apology',NULL,'принести извинение',NULL,1,0,1),(134,'enclose',NULL,'приложить',NULL,0,0,1),(135,'arrange an appointment',NULL,'договориться о встрече',NULL,0,0,1),(136,'come along',NULL,'идти вместе',NULL,0,0,1),(137,'apparently',NULL,'очевидно, вероятно',NULL,0,0,1),(138,'shelf',NULL,'полка',NULL,0,0,1),(139,'cupboard',NULL,'шкаф',NULL,0,0,1),(140,'behind',NULL,'сзади, позади',NULL,0,0,1),(141,'leave out',NULL,'пропускать, не включать',NULL,0,0,1),(142,'see you',NULL,'увидимся',NULL,0,0,1),(143,'do you coffee',NULL,'сделать тебе кофе?',NULL,0,0,1),(144,'to fall out',NULL,'разойтись, поссориться',NULL,0,0,1),(145,'help yourself to a coffee',NULL,'угощайтесь кофе',NULL,1,0,1),(146,'bring up',NULL,'воспитывать',NULL,0,0,1),(147,'to devote smb to sth',NULL,'посвятить кого-либо чему-либо',NULL,1,0,1),(148,'set on fire',NULL,'поджечь',NULL,0,0,1),(149,'insist',NULL,'настаивать',NULL,0,0,1),(150,'inherit',NULL,'наследовать',NULL,0,0,1),(151,'gene','pron (!)','ген',NULL,0,0,1),(152,'child prodigy',NULL,'вундеркинд',NULL,0,0,1),(153,'ferry',NULL,'паром',NULL,0,0,1),(154,'tomb','pron (!)','гробница',NULL,0,0,1),(155,'confined to sth',NULL,'оганиченный чем-либо',NULL,0,0,1),(156,'to owe sth smb',NULL,'быть должным что-либо кому-либо',NULL,1,0,1),(157,'pursuit',NULL,'стремление, погоня',NULL,0,0,1),(158,'subsequent',NULL,'последующий',NULL,0,0,1),(159,'to shape',NULL,'формировать',NULL,0,0,1),(160,'therefore',NULL,'поэтому, следовательно',NULL,0,0,1),(161,'to get on with',NULL,'ладить с кем-либо',NULL,1,0,1),(162,'skillful',NULL,'умелый, ловкий',NULL,0,0,1),(163,'inferior position',NULL,'подчиненная должность',NULL,0,0,1),(164,'contradict',NULL,'противоречить',NULL,0,0,1),(165,'rebellious streak',NULL,'бунтарская жилка',NULL,0,0,1),(166,'underestimate',NULL,'недооценивать',NULL,0,0,1),(167,'survey',NULL,'обзор, исследование',NULL,0,0,5),(168,'conduct','(conduct a survey)','проводить','(проводить исследование)',0,0,5),(169,'gossip',NULL,'слухи, сплетни',NULL,0,0,5),(170,'reveal',NULL,'раскрывать, выявлять',NULL,0,0,5),(171,'density',NULL,'плотность, удельный вес',NULL,0,0,5),(172,'neurosis',NULL,'невроз',NULL,0,0,5),(173,'in particular',NULL,'в частности',NULL,0,0,5),(174,'fanatical',NULL,'фанатический',NULL,0,0,5),(175,'uneasy',NULL,'беспокойный, тревожный',NULL,0,0,5),(176,'peers',NULL,'сверстники',NULL,0,0,5),(177,'addict',NULL,'наркоман, поклонник',NULL,0,0,5),(178,'incapable',NULL,'неспособный',NULL,0,0,5),(179,'maintain',NULL,'поддерживать',NULL,0,0,5),(180,'genuine',NULL,'подлинный, настоящий',NULL,0,0,5),(181,'drive out',NULL,'вытеснять, прогонять',NULL,0,0,5),(182,'deterioration',NULL,'ухудшение, износ',NULL,0,0,5),(183,'to be threatened','pron (!)','находиться под угрозой',NULL,0,0,5),(184,'wiper',NULL,'стеклоочиститель',NULL,0,0,1),(185,'grinder',NULL,'мельница, дробилка',NULL,0,0,1),(186,'to scream and burst with tears',NULL,'биться в истерике',NULL,1,0,1),(187,'scream with sth',NULL,'завизжать от восторга',NULL,1,0,1),(188,'bang a drum',NULL,'ударять в барабан',NULL,1,0,1),(189,'a thud of hoofs',NULL,'топот копыт',NULL,1,0,1),(190,'to shout abuse',NULL,'выкрикивать оскорбления',NULL,1,0,1),(191,'to shout after',NULL,'кричать вдогонку',NULL,0,0,1),(192,'to snore like a grampus',NULL,'тяжело дышать',NULL,1,0,1),(193,'to crash a party',NULL,'явиться без приглашения',NULL,1,0,1),(194,'it rains cats and dogs',NULL,'льет как из ведра',NULL,1,0,1),(195,'entirely sure',NULL,'полностью уверен',NULL,0,0,1),(196,'entire',NULL,'весь, целый, полный',NULL,0,0,1),(197,'works',NULL,'завод, фабрика',NULL,0,0,1),(198,'scream',NULL,'визг, пронзительный крик',NULL,0,0,1),(199,'creak',NULL,'скрип',NULL,0,0,1),(200,'bang',NULL,'стук, удар',NULL,0,0,1),(201,'thud',NULL,'глухой стук, отпот',NULL,0,0,1),(202,'bark',NULL,'лай',NULL,0,0,1),(203,'imply',NULL,'подразумевать, означать',NULL,0,0,1),(204,'facilities',NULL,'удобства, оборудование',NULL,0,0,1),(205,'in years to come',NULL,'в ближайшие годы',NULL,1,0,1),(206,'stubborn',NULL,'упертый',NULL,0,0,1),(207,'take after smb',NULL,'походить на кого-либо',NULL,1,0,1),(208,'look up to smb',NULL,'уважать кого-либо',NULL,1,0,1),(209,'grow up',NULL,'расти',NULL,0,0,1),(210,'to show off to smb',NULL,'хвастаться перед кем-либо',NULL,1,0,1),(211,'bring smb up',NULL,'воспитывать кого-либо',NULL,1,0,1),(212,'go out with smb',NULL,'встречаться с кем-либо, выходить в свет',NULL,1,0,1),(213,'split up with smb',NULL,'рассаться с кем-либо',NULL,1,0,1),(214,'fall out with smb',NULL,'поссориться с кем-либо',NULL,1,0,1),(215,'go on',NULL,'продолжаться, происходить',NULL,1,0,1),(216,'make sth with smb','make it up','смириться, помириться с кем-либо',NULL,1,0,1),(217,'ancestor',NULL,'предок',NULL,0,0,1),(218,'come across',NULL,'случайно встретиться, натолкнуться',NULL,0,0,6),(219,'put together',NULL,'соединять, составлять',NULL,0,0,6),(220,'confident',NULL,'уверенный',NULL,0,0,6),(221,'by all accounts',NULL,'по общим отзывам',NULL,0,0,6),(222,'on the turn of the century',NULL,'на рубеже века',NULL,0,0,6),(223,'go off',NULL,'уходить, сбегать',NULL,0,0,6),(224,'engagement ring',NULL,'обручальное кольцо',NULL,0,0,6),(225,'nursery',NULL,'питомник, ясли',NULL,0,0,1),(226,'nurse',NULL,'няня, медсестра',NULL,0,0,1),(227,'labor of love',NULL,'бескорыстный труд',NULL,0,0,1),(228,'take a year out',NULL,'взять паузу на год',NULL,0,0,1),(229,'stuck',NULL,'застрявший, приклеенный',NULL,0,0,1),(230,'people person',NULL,'открытый для всех человек',NULL,0,0,1),(231,'initiative','pron (!)','инициатива',NULL,0,0,1),(232,'courier',NULL,'курьер',NULL,0,0,1),(233,'over there',NULL,'вон там',NULL,0,0,1),(234,'grind',NULL,'повседневная, рутинная работа',NULL,0,0,7),(235,'to do without smth',NULL,'обходиться без чего-либо',NULL,1,0,7),(236,'have got',NULL,'иметь',NULL,0,0,7),(237,'proof',NULL,'доказательство',NULL,0,0,7),(238,'prove',NULL,'доказывать',NULL,0,0,7),(239,'self-esteem',NULL,'самоуважение',NULL,0,0,7),(240,'obligation',NULL,'обязательство',NULL,0,0,7),(241,'bureau',NULL,'бюро',NULL,0,0,7),(242,'workaholic',NULL,'трудоголик',NULL,0,0,7),(243,'deprive of sth',NULL,'лишать чего-либо',NULL,0,0,7),(244,'fix',NULL,'доза наркомана',NULL,0,0,7),(245,'retire',NULL,'выходить на пенсию, отставку',NULL,0,0,7),(246,'survival',NULL,'выживание',NULL,0,0,7),(247,'to keep in touch with smb',NULL,'поддерживать связь с кем-либо',NULL,1,0,7),(248,'downside',NULL,'недостаток',NULL,0,0,7),(249,'burst',NULL,'взрыв, вспышка',NULL,0,0,7),(250,'intersperse with',NULL,'разнообразить чем-либо',NULL,0,0,7),(251,'to be convinced that',NULL,'быть убежденным, что...',NULL,0,0,7),(252,'inaccessible girl',NULL,'недоступная девушка',NULL,0,0,1),(253,'unapproachable girl',NULL,'недоступная девушка',NULL,0,0,1),(254,'chat up',NULL,'заигрывать, клеить, любезничать',NULL,0,0,1),(255,'obsession',NULL,'навязчивая идея, одержимость',NULL,0,0,1),(256,'buzz',NULL,'эйфория, возбуждение',NULL,0,0,1),(257,'show off',NULL,'выпендрежник, рисовщик, хвастаться, красоваться',NULL,0,0,1),(258,'match up to sth',NULL,'подходить, соответствовать чему-либо',NULL,1,0,1),(259,'persuade',NULL,'убеждать',NULL,0,0,1),(260,'shoot',NULL,'фотосъемка',NULL,0,0,1),(261,'to be on offer',NULL,'быть в продаже',NULL,1,0,1),(262,'assignment',NULL,'задание',NULL,0,0,1),(263,'take as assignment',NULL,'брать задание, заказ',NULL,0,0,1),(264,'to be on assignment',NULL,'быть на задании',NULL,0,0,1),(265,'variety','pron (!)','разнообразие',NULL,0,0,1),(266,'develop',NULL,'развивать',NULL,0,0,1),(267,'handful',NULL,'доставляющий беспокойство',NULL,0,0,1),(268,'bearable',NULL,'терпимый, сносный',NULL,0,0,1),(269,'obsession with sth',NULL,'навязчивая идея о чем-либо',NULL,0,0,1),(270,'rocky patches',NULL,'сложный период в отношениях',NULL,0,0,8),(271,'break up',NULL,'разрыв отношений',NULL,0,0,8),(272,'low point',NULL,'спад, нижняя точка в отношениях',NULL,0,0,8),(273,'wisdom',NULL,'мудрость',NULL,0,0,8),(274,'strain',NULL,'напряжение, натяжение',NULL,0,0,8),(275,'brave face',NULL,'храброе лицо',NULL,0,0,8),(276,'masculine','pron (!)','мужской, мужественный',NULL,0,0,8),(277,'ups and downs',NULL,'взлеты и падения, превратности судьбы',NULL,0,0,8),(278,'parenting',NULL,'воспитание',NULL,0,0,8),(279,'to cope with sth',NULL,'справляться, совладать с чем-либо',NULL,0,0,8),(280,'pretend',NULL,'претендовать, притворяться',NULL,0,0,8),(281,'to deal with sth','deal dealt dealt','иметь дело с чем-либо',NULL,0,0,8),(282,'exaggerated',NULL,'преувеличенный, раздутый',NULL,0,0,8),(283,'open up',NULL,'раскрываться',NULL,0,0,8),(284,'aware of sth',NULL,'знающий, осведомленный о чем-либо',NULL,0,0,8),(285,'overstate',NULL,'преувеличивать',NULL,0,0,8),(286,'shaky',NULL,'шаткий, сомнительный, трясущийся',NULL,0,0,8),(287,'conscious',NULL,'сознательный, сознающий, здравый',NULL,0,0,8),(288,'influenced',NULL,'находящийся под влиянием',NULL,0,0,8),(289,'affected',NULL,'находящийся под влиянием',NULL,0,0,8),(290,'needy',NULL,'нуждающийся',NULL,0,0,8),(291,'manly',NULL,'мужественный',NULL,0,0,8),(292,'courageous',NULL,'смелый, храбрый',NULL,0,0,8),(293,'brave',NULL,'смелый, храбрый',NULL,0,0,8),(294,'turn to',NULL,'обращаться к',NULL,0,0,8),(295,'collocate',NULL,'сочетаться, располагать',NULL,0,0,8),(296,'abuse',NULL,'злоупотребление, оскорбление',NULL,0,0,8),(297,'hasty decision',NULL,'поспешное решение',NULL,0,0,8),(298,'charity',NULL,'благотворительность',NULL,0,0,8),(299,'to be paid to do sth',NULL,'быть оплачиваемым для какой-либо работы',NULL,1,0,8),(300,'encourage',NULL,'поощрять',NULL,0,0,8),(301,'at last',NULL,'в конце конкоц',NULL,0,0,8),(302,'extraordinary','pron (!)','экстраординарный',NULL,0,0,9),(303,'visionary',NULL,'фантастический',NULL,0,0,9),(304,'wrinkled face',NULL,'морщинистое лицо',NULL,0,0,9),(305,'silvery hair',NULL,'седые волосы',NULL,0,0,9),(306,'fascinate',NULL,'очаровывать',NULL,0,0,9),(307,'building site',NULL,'строительная площадка',NULL,0,0,9),(308,'creature','pron (!)','создание, существо',NULL,0,0,9),(309,'throw away',NULL,'выбрасывать',NULL,0,0,9),(310,'lump','pron (!)','кусок, глыба',NULL,0,0,9),(311,'plate',NULL,'плита, тарелка',NULL,0,0,9),(312,'sink',NULL,'раковина, топить, тонуть',NULL,0,0,9),(313,'pebble',NULL,'галька, булыжник',NULL,0,0,9),(314,'utterly regular',NULL,'совершенно обычный',NULL,0,0,9),(315,'keep straight',NULL,'ясно помнить',NULL,0,0,10),(316,'homemaker',NULL,'домохозяйка',NULL,0,0,10),(317,'to chase children',NULL,'гнаться за детьми',NULL,0,0,11),(318,'light candles',NULL,'зажигать свечи',NULL,0,0,11),(319,'wear','wear wore worn','носить',NULL,0,0,1),(320,'scolarship',NULL,'стипендия',NULL,0,0,12),(321,'long time no see',NULL,'давно не виделись',NULL,0,0,12),(322,'drop by',NULL,'заходить',NULL,0,0,12),(323,'how have you been?',NULL,'как дела?',NULL,0,0,12),(324,'all over the place',NULL,'повсюду, повсеместно',NULL,0,0,13),(325,'overseas',NULL,'за границей',NULL,0,0,13),(326,'prefer sth to sth',NULL,'предпочитать что-либо чему-либо',NULL,0,0,14),(327,'joy',NULL,'радость, веселье',NULL,0,0,14),(328,'to have in mind',NULL,'иметь ввиду',NULL,0,0,15),(329,'to be crazy about sth',NULL,'быть без ума от чего-либо',NULL,0,0,15),(330,'attend','= go to\nattend a school','ходить, посещать',NULL,0,0,16),(331,'cashier',NULL,'кассир',NULL,0,0,16),(332,'hang out','hang out with friends','тусовать, околачиваться','(с друзьями)',0,0,16),(333,'you better','you had better\nyou would better','ты бы лучше',NULL,0,0,17),(334,'whip up',NULL,'подготовить быстро',NULL,0,0,17),(335,'flavor','pron (!)','вкус, аромат',NULL,0,0,17),(336,'bet','bet bet bet','сильно верить, ставка, пари',NULL,0,0,17),(337,'knockout',NULL,'сногсшибательная красавица',NULL,0,0,17),(338,'hit it off',NULL,'хорошо ладить, находить общий язык',NULL,0,0,17),(339,'mustard',NULL,'горчица',NULL,0,0,17),(340,'catchup',NULL,'кетчуп',NULL,0,0,17),(341,'mayonnaise',NULL,'майонез',NULL,0,0,17),(342,'block',NULL,'квартал',NULL,0,0,18),(343,'truth','pron (!)','правда',NULL,0,0,18),(344,'to tell you the truth',NULL,'по правде говоря',NULL,0,0,18),(345,'seashore',NULL,'морское побережье',NULL,0,0,18),(346,'in cash',NULL,'наличными',NULL,0,0,18),(347,'make it','(= arrive at ) Glad you colud make it!','приезжать, прибывать',NULL,0,0,19),(348,'pick up','= learn something','1) учить, быстро схватывать 2) забрать',NULL,0,0,19),(349,'roomie','= roommate','сосед по комнате',NULL,0,0,19),(350,'laid-back','= easy-going','спокойный покладистый',NULL,0,0,19),(351,'get along with','= get on with','ладить',NULL,0,0,19),(352,'dorm','= dormitory','общежитие',NULL,0,0,19),(353,'homestay','homestay family','принимающий','принимающая семья',0,0,19),(354,'outgoing',NULL,'общительный',NULL,0,0,19),(355,'snake',NULL,'змея',NULL,0,0,19),(356,'keep track of sth',NULL,'следить за чем-либо',NULL,1,0,20),(357,'regardless of sth',NULL,'несмотря на что-либо',NULL,0,0,20),(358,'come to',NULL,'стоить',NULL,0,0,20),(359,'overdue','overdue fee','просроченный, поздний','просроченный платеж',0,0,20),(360,'selfish',NULL,'эгоистичный',NULL,0,0,1),(361,'deaf','pron (!)','глухой',NULL,0,0,1),(362,'bless you',NULL,'будьте здоровы!',NULL,0,0,1),(363,'tissue','pron (!)','платок, салфетка',NULL,0,0,1),(364,'sneeze',NULL,'чихать',NULL,0,0,1),(365,'plot',NULL,'сценарий',NULL,0,0,1),(366,'crop',NULL,'урожай',NULL,0,0,1),(367,'concern',NULL,'беспокойство, беспокоиться',NULL,0,0,1),(368,'ceiling',NULL,'потолок',NULL,0,0,1),(369,'fume',NULL,'дым',NULL,0,0,1),(370,'authority','pron (!)','власть, авторитет',NULL,0,0,1),(371,'waste',NULL,'отходы',NULL,0,0,21),(372,'guilt',NULL,'чувство вины, виновность',NULL,0,0,21),(373,'domestic',NULL,'бытовой, домашний',NULL,0,0,21),(374,'discard',NULL,'выбрасывать, отказываться',NULL,0,0,21),(375,'commission',NULL,'давать заказ',NULL,0,0,21),(376,'ducting',NULL,'воздуховоды',NULL,0,0,21),(377,'cabling',NULL,'кабельное соединение',NULL,0,0,21),(378,'ingeniously',NULL,'гениально, изобретательно',NULL,0,0,21),(379,'sheer',NULL,'явный, чистый, абсолютный',NULL,0,0,21),(380,'unnecessarily',NULL,'излишне',NULL,0,0,21),(381,'end up',NULL,'прекращаться, заканчиваться',NULL,0,0,21),(382,'landfill',NULL,'захоронение отходов',NULL,0,0,21),(383,'site',NULL,'место, участок',NULL,0,0,21),(384,'incinerate',NULL,'сжигать',NULL,0,0,21),(385,'mere',NULL,'всего лишь, не более чем',NULL,0,0,21),(386,'wasteful',NULL,'расточительный',NULL,0,0,21),(387,'mice',NULL,'мыши',NULL,0,0,21),(388,'pond',NULL,'пруд',NULL,0,0,22),(389,'water dispensers',NULL,'дозаторы',NULL,0,0,22),(390,'blinds',NULL,'жалюзи',NULL,0,0,22),(391,'filing cabinet',NULL,'картотека',NULL,0,0,22),(392,'novel',NULL,'новый, оригинальный',NULL,0,0,22),(393,'boost',NULL,'форсировать, повышать',NULL,0,0,22),(394,'do an evening class',NULL,'посещать вечерние занятия',NULL,0,0,23),(395,'visit chat rooms',NULL,'посещать чаты',NULL,0,0,23),(396,'study for (law, business) qualification inline',NULL,'получать (юридическую, бизнес) квалификацию онлайн',NULL,0,0,23),(397,'work late at the office',NULL,'работать в офисе допоздна',NULL,0,0,23),(398,'spend quality time with (family, children)',NULL,'проводить время с семьей, детьми',NULL,0,0,23),(399,'keep up to date with (email, dairy)',NULL,'быть в курсе происходящего (в почте)',NULL,0,0,23),(400,'redecorate the bedroom, kitchen',NULL,'переделывать, украшать спальню, кухню',NULL,0,0,23),(401,'socialize with friends',NULL,'общаться с друзьями',NULL,0,0,23),(402,'human resources',NULL,'отдел кадров',NULL,0,0,1),(403,'unforeseen',NULL,'непредвиденный',NULL,0,0,24),(404,'stock',NULL,'запас, акция',NULL,0,0,24),(405,'in stock',NULL,'в наличии, в продаже',NULL,0,0,24),(406,'arrange',NULL,'договориться, устраивать',NULL,0,0,24),(407,'cattle',NULL,'скот',NULL,0,0,24),(408,'to hand',NULL,'передавать',NULL,0,0,24),(409,'payable',NULL,'подлежащий уплате',NULL,0,0,24),(410,'to nod',NULL,'кивать',NULL,0,0,24),(411,'plaster',NULL,'штукатурка',NULL,0,0,24),(412,'tin',NULL,'жестяной',NULL,0,0,24),(413,'set to the task',NULL,'браться за задачау',NULL,0,0,24),(414,'curtain',NULL,'занавес, занавеска',NULL,0,0,24),(415,'splash out on sth',NULL,'сорить деньгами на что-либо',NULL,0,0,24),(416,'proprietor','pron (!)','собственник',NULL,0,0,24),(417,'surplus',NULL,'избыточный',NULL,0,0,24),(418,'braid','[breid]\npron (!)','плести',NULL,0,0,24),(419,'copious','pron (!)','обильный',NULL,0,0,24),(420,'rub',NULL,'вытирать, натирать',NULL,0,0,24),(421,'sincere',NULL,'искренний',NULL,0,0,24),(422,'broadly',NULL,'широко',NULL,0,0,24),(423,'to dye',NULL,'красить (волосы)',NULL,0,0,1),(424,'to short of sth (time)',NULL,'времени в обрез',NULL,0,0,1),(425,'shout out',NULL,'выкрикивать',NULL,0,0,1),(426,'to be tight up','= very busy','очень заняты, времени в обрез',NULL,0,0,1),(427,'accelerate','= speed up','ускорять',NULL,0,0,1),(428,'ax',NULL,'топор',NULL,0,0,1),(429,'prompt',NULL,'подсказка, напоминание',NULL,0,0,1),(430,'by then',NULL,'к тому времени',NULL,0,0,1),(431,'at the latest',NULL,'самое позднее',NULL,0,0,1),(432,'leave','leave | left | left','покидать, оставлять',NULL,0,0,1),(433,'work out',NULL,'истощаться, вырабатываться',NULL,0,0,1),(434,'flab',NULL,'вялые мускулы',NULL,0,0,1),(435,'sloth',NULL,'ленивец',NULL,0,0,1),(436,'claim',NULL,'утверждать',NULL,0,0,1),(437,'servant',NULL,'служащий',NULL,0,0,1),(438,'misuse',NULL,'злоупотребление',NULL,0,0,1),(439,'proposal',NULL,'предложение',NULL,0,0,1),(440,'cheer up',NULL,'взбодриться',NULL,0,0,1),(441,'precaution',NULL,'предостережение',NULL,0,0,1),(442,'emphatic',NULL,'подчеркнутый',NULL,0,0,1),(443,'thirsty',NULL,'жаждущий',NULL,0,0,1),(444,'parcel',NULL,'посылка',NULL,0,0,1),(445,'spare',NULL,'запасной, свободный, лишний',NULL,0,0,1),(446,'competition',NULL,'конкуренция',NULL,0,0,1),(447,'compete',NULL,'конкурировать',NULL,0,0,1),(448,'competitor',NULL,'конкурент',NULL,0,0,1),(449,'to be grateful for sth',NULL,'быть благодарным за что-либо',NULL,0,0,1),(450,'relevant',NULL,'соответствующий',NULL,0,0,25),(451,'patisserie','pron (!)','кондитерская',NULL,0,0,25),(452,'catering',NULL,'общественное питание',NULL,0,0,25),(453,'set up',NULL,'учреждать, основывать, открывать',NULL,0,0,25),(454,'reckon',NULL,'рассчитывать, полагаться',NULL,0,0,25),(455,'collocation',NULL,'словосочетание',NULL,0,0,26),(456,'to be interested in sth',NULL,'быть заинтересованным в чем-либо',NULL,0,0,26),(457,'to be modest about sth',NULL,'быть скромным в отношении чего-либо',NULL,0,0,26),(458,'to be afraid of sth',NULL,'быть напуганным чем-либо',NULL,0,0,26),(459,'to be worried about sth',NULL,'быть встревоженным чем-либо',NULL,0,0,26),(460,'to be keen on sth',NULL,'увлекаться чем-либо',NULL,0,0,26),(461,'to be similar to sth',NULL,'быть похожим на что-либо',NULL,0,0,26),(462,'to be different from sth',NULL,'быть отличным от чего-либо',NULL,0,0,26),(463,'to be good at sth',NULL,'быть умнлым в чем-либо',NULL,0,0,26),(464,'to be proud of sth',NULL,'гордиться чем-либо',NULL,0,0,26),(465,'to be passionate about sth',NULL,'быть страстным по отношению к чему-либо',NULL,0,0,26),(466,'to apply for a job',NULL,'подать заявку на работу',NULL,0,0,26),(467,'to deprive of sth',NULL,'лишать чего-либо',NULL,0,0,26),(468,'succeed','succeed | succeeded | succeeded','преуспевать',NULL,0,0,1),(469,'neat',NULL,'аккуратный',NULL,0,0,1),(470,'smart','smart dress','нарядный, праздничный',NULL,0,0,1),(471,'feast',NULL,'пир, банкет',NULL,0,0,27),(472,'inevitable',NULL,'неизбежный',NULL,0,0,27),(473,'order',NULL,'приказ, приказывать',NULL,0,0,27),(474,'warrior','pron (!)','воин',NULL,0,0,27),(476,'honour','pron (!)','честь, слава','',0,0,27),(477,'legendary','pron (!)','легендарный',NULL,0,0,27),(478,'fear','','бояться',NULL,0,0,27),(480,'alive',NULL,'в живых, действующий',NULL,0,0,27),(481,'despise','pron (!)','презирать','',0,0,27),(482,'promise',NULL,'обещать, обещание',NULL,0,0,27),(483,'fame',NULL,'слава, известность',NULL,0,0,27),(484,'eternal',NULL,'вечный',NULL,0,0,27),(485,'purpose','= objective','цель, намерение',NULL,0,0,27),(486,'inspire',NULL,'вдохновлять',NULL,0,0,27),(487,'raging',NULL,'яростный',NULL,0,0,27),(488,'honourable',NULL,'благородный, достопочтенный',NULL,0,0,27),(489,'extra','(noun)','статист',NULL,0,0,27),(490,'spectacular',NULL,'эффектный, захватывающий',NULL,0,0,27),(491,'intimate',NULL,'глубокий, сокровенный, личный',NULL,0,0,27),(492,'human',NULL,'человечный',NULL,0,0,27),(493,'throughout',NULL,'на протяжении',NULL,0,0,27),(494,'nobility',NULL,'благородство',NULL,0,0,27),(496,'far more',NULL,'гораздо более',NULL,0,0,27),(497,'convincing','pron (!)','убедительный',NULL,0,0,27),(498,'angle','','точка зрения','',0,0,27),(499,'craft','pron (!)','создавать',NULL,0,0,27),(500,'fall','fall | fell | follen','падать, впадать',NULL,0,0,27),(501,'stand for','What does A stand for?','означать',NULL,0,0,27),(502,'sympathetic',NULL,'сочувственный, симпатичный',NULL,0,0,27),(503,'clue',NULL,'ключ к разгадке',NULL,0,0,27),(504,'questionnaire',NULL,'анкета',NULL,0,0,27),(505,'superb','= excellent','превосходный',NULL,0,0,28),(506,'lying dormant',NULL,'дремлющий',NULL,0,0,28),(507,'alongside sth','= together with','рядом, бок о бок',NULL,0,0,28),(508,'fortune',NULL,'состояние',NULL,0,0,28),(509,'attendance',NULL,'посещаемость',NULL,0,0,28),(510,'featuring',NULL,'с участием',NULL,0,0,28),(511,'feature',NULL,'показывать',NULL,0,0,28),(512,'hear','hear | heard | heard','слышать',NULL,0,0,28),(513,'hang','hang | hung | hung','висеть, вешать',NULL,0,0,28),(514,'show','show | showed | shown','показывать',NULL,0,0,28),(515,'yell',NULL,'кричать, вопить',NULL,0,0,28),(516,'show up',NULL,'объявиться, появиться',NULL,0,0,28),(517,'landlord',NULL,'хозяин квартиры',NULL,0,0,28),(518,'it turns out that',NULL,'оказывается, что...',NULL,1,0,28),(519,'mention',NULL,'упоминать',NULL,0,0,28),(520,'porcelain','pron (!)','фарфор',NULL,0,0,1),(521,'denim',NULL,'хб, джинсовая ткань',NULL,0,0,1),(522,'surface',NULL,'поверхность',NULL,0,0,1),(523,'itchy',NULL,'вызывающий зуд',NULL,0,0,1),(524,'slippery',NULL,'скользкий',NULL,0,0,1),(525,'furry',NULL,'меховой',NULL,0,0,1),(526,'earring',NULL,'серьги',NULL,0,0,1),(527,'to be allergic to sth',NULL,'иметь аллергию к чему-либо',NULL,0,0,1),(528,'titan','titanium','титан',NULL,0,0,1),(529,'move house',NULL,'менять место жительства',NULL,0,0,1),(530,'goddess','pron (!)','богиня',NULL,0,0,29),(531,'antique','pron (!)','античный',NULL,0,0,29),(532,'trendy','= fashionable','модный',NULL,0,0,29),(533,'ferris wheel','= observation wheel','колесо обозрения',NULL,0,0,29),(534,'revolution',NULL,'оборот',NULL,0,0,29),(535,'straightforward',NULL,'прямой, простой',NULL,0,0,29),(536,'up until that point','BEFORE','до этого момента','ПРОШЛОЕ',0,0,30),(537,'until','BEFORE','до','ПРОШЛОЕ',0,0,30),(538,'for the previous','BEFORE','За последние (10 лет)','ПРОШЛОЕ',0,0,30),(539,'from that point on','AFTER','начиная с этого момента','БУДУЩЕЕ',0,0,30),(540,'since then','AFTER','с тех пор','БУДУЩЕЕ',0,0,30),(541,'after that','AFTER','после этого','БУДУЩЕЕ',0,0,30),(542,'at that time','SPECIFIC TIME','в то время','КОНКРЕТНОЕ ВРЕМЯ',0,0,30),(543,'in 218 BC','SPECIFIC TIME','в 218 году до н.э.','КОНКРЕТНОЕ ВРЕМЯ',0,0,30),(545,'throughout.','ACTIONS AT THE SAME TIME','на протяжении','ДЕЙСТВИЯ В ОДНО И ТО ЖЕ ВРЕМЯ',0,0,30),(546,'during','ACTIONS AT THE SAME TIME','на протяжении','ДЕЙСТВИЯ В ОДНО И ТО ЖЕ ВРЕМЯ',0,0,30),(547,'while','ACTIONS AT THE SAME TIME','в то время как','ДЕЙСТВИЯ В ОДНО И ТО ЖЕ ВРЕМЯ',0,0,30),(548,'gunpowder',NULL,'порох',NULL,0,0,1),(549,'wheat',NULL,'пшеница',NULL,0,0,1),(550,'cast iron',NULL,'чугун',NULL,0,0,1),(551,'species of animals',NULL,'виды животных',NULL,0,0,1),(552,'cheetah',NULL,'гепард',NULL,0,0,1),(553,'humming bird',NULL,'колибри',NULL,0,0,1),(554,'electricity bulb',NULL,'электрическая лампа',NULL,0,0,1),(555,'uniformity',NULL,'единообразие',NULL,0,0,31),(556,'doom',NULL,'обрекать',NULL,0,0,31),(557,'to report on sth',NULL,'докладывать о, сообщать о',NULL,0,0,31),(558,'lament',NULL,'оплакивать что-либо, сокрушаться о',NULL,0,0,31),(559,'passing',NULL,'смерть',NULL,0,0,31),(560,'take a trip',NULL,'совершить путешествие',NULL,0,0,31),(561,'truly',NULL,'поистине',NULL,0,0,31),(562,'sadden',NULL,'опечалить',NULL,0,0,31),(563,'to be saddened by',NULL,'быть опечаленным чем-либо',NULL,0,0,31),(564,'mean','mean | meant | meant','значить, означать',NULL,0,0,31),(565,'erode',NULL,'разрушать, эродировать',NULL,0,0,31),(566,'eroded',NULL,'разъеденный',NULL,0,0,31),(567,'live','pron (!)','жить',NULL,0,0,31),(568,'diversity','pron (!)\n != uniformity','разнообразие',NULL,0,0,31),(570,'pigeon-holed',NULL,'привязанный к своей территории',NULL,0,0,31),(571,'beauty',NULL,'красота',NULL,0,0,31),(572,'take it for granted',NULL,'принимать как должное',NULL,0,0,31),(573,'wildly',NULL,'дико',NULL,0,0,31),(574,'oversimplify',NULL,'упрощать',NULL,0,0,31),(575,'all too often',NULL,'слишком часто',NULL,0,0,31),(576,'benefit',NULL,'выгода',NULL,0,0,31),(577,'thrive','thrive | throve | thriven','процветать, преуспевать',NULL,0,0,31),(578,'as far as',NULL,'насколько',NULL,0,0,31),(579,'bland','bland music','безвкусный','безвкусная музыка',0,0,31),(580,'back sth up',NULL,'поддерживать что-либо',NULL,0,0,31),(581,'top',NULL,'быть первым, превосходить',NULL,0,0,31),(582,'convince smb about sth',NULL,'убеждать кого-либо в чем-либо',NULL,0,0,31),(583,'put',NULL,'выражаться',NULL,0,0,31),(584,'facilitate',NULL,'способствовать',NULL,0,0,31),(585,'shrink',NULL,'сокращаться, сужаться',NULL,0,0,31),(586,'ever-shrinking',NULL,'постоянно сокращающийся',NULL,0,0,31),(587,'evermore',NULL,'все более',NULL,0,0,31),(588,'embracing',NULL,'охватывающий, принимающий',NULL,0,0,31),(589,'all the time',NULL,'все время',NULL,0,0,31),(590,'melt',NULL,'таять, плавить',NULL,0,0,31),(591,'melting pot',NULL,'плавильный котел',NULL,0,0,31),(593,'firstly','','во-первых','',0,0,32),(594,'secondly',NULL,'во-вторых',NULL,0,0,32),(595,'flourish',NULL,'процветать',NULL,0,0,32),(597,'pulp up','pron (!)','превращать в мягкую массу',NULL,0,0,32),(598,'impact','pron (!)','влиять',NULL,0,0,32),(599,'wheelbarrow',NULL,'тачка',NULL,0,0,32),(600,'load',NULL,'груз',NULL,0,0,32),(601,'kite',NULL,'воздушный змей',NULL,0,0,32),(602,'eventually',NULL,'в конечном счете',NULL,0,0,32),(603,'peasant',NULL,'крестьянин',NULL,0,0,32),(604,'consumer','pron (!)','потребительский',NULL,0,0,32),(605,'consumer items',NULL,'потребительские товары',NULL,0,0,32),(606,'range of food',NULL,'ассортимент продуктов питания',NULL,1,0,32),(607,'cuisine','pron (!)','национальная кухня',NULL,0,0,32),(608,'compete over',NULL,'подавить',NULL,0,0,32),(609,'spin',NULL,'переплетаться, крутиться',NULL,0,0,32),(610,'vice versa',NULL,'наоборот',NULL,0,0,32),(611,'nevertheless',NULL,'тем не менее',NULL,0,0,33),(612,'a while ago',NULL,'недавно',NULL,0,0,33),(613,'quite','pron (!)','вполне',NULL,0,0,33),(614,'lively',NULL,'активный',NULL,0,0,33),(615,'silly',NULL,'глупый',NULL,0,0,33),(616,'deadly',NULL,'смертельный, смертельно',NULL,0,0,33),(617,'spill','spill | spilt | spilt','проливать',NULL,0,0,1),(618,'frog',NULL,'лягушка',NULL,0,0,1),(619,'suitcase',NULL,'чемодан',NULL,0,0,1),(620,'treat',NULL,'относиться',NULL,0,0,1),(621,'stride','= large step','большой шаг',NULL,0,0,1),(622,'fuss',NULL,'суета',NULL,0,0,1),(623,'ignorantly',NULL,'невежественно, по неосведомленности, неграмотно',NULL,0,0,33),(624,'take over',NULL,'поглощать, вступать во владение',NULL,0,0,1),(625,'take my breath away',NULL,'захватывать дух',NULL,0,0,1),(626,'take off',NULL,'взлетать, становиться популярным',NULL,0,0,1),(627,'take in',NULL,'принимать, понимать',NULL,0,0,1),(628,'take it in one\'s stride',NULL,'принимать спокойно',NULL,0,0,1),(629,'take to',NULL,'привязаться, полюбить',NULL,0,0,1),(630,'take up',NULL,'начинать, браться за',NULL,0,0,1),(631,'likely',NULL,'вероятный, вероятно',NULL,0,0,33),(632,'employment',NULL,'работа, занятость',NULL,0,0,1),(633,'modernity',NULL,'современность',NULL,0,0,1),(634,'admission',NULL,'допуск, прием, признание',NULL,0,0,1),(635,'manhood',NULL,'мужественность',NULL,0,0,1),(636,'how far',NULL,'насколько',NULL,0,0,1),(637,'embarrassed','pron (!)','смущенный',NULL,0,0,1),(638,'hindsight',NULL,'взгляд в прошлое',NULL,0,0,1),(639,'foundation',NULL,'основание',NULL,0,0,1),(640,'numb','pron (!)','онемелый','',0,0,34),(641,'drive sth','= move sth with force','двигать что-либо силой',NULL,0,0,34),(642,'to be certain of sth',NULL,'быть уверенным в чем-либо',NULL,0,0,34),(643,'to do to him',NULL,'сделать ему',NULL,0,0,34),(644,'drastic',NULL,'радикальный',NULL,0,0,34),(645,'miscellaneous','pron (!)','разнообразный',NULL,0,0,35),(646,'stuff',NULL,'вещи, хлам',NULL,0,0,35),(647,'dough','pron (!)','деньги, бабло',NULL,0,0,35),(648,'in the world',NULL,'черт возьми',NULL,0,0,35),(649,'what in the world for?',NULL,'а это-то зачем?!',NULL,1,0,35),(650,'what in the world is he doing here?',NULL,'какого черта ему здесь нужно?!',NULL,1,0,35),(651,'over','= during','во время, в течение',NULL,0,0,35),(652,'heavy debt','pron (!)','тяжелые долги',NULL,0,0,35),(653,'sky-high',NULL,'очень дорогой (разг)',NULL,0,0,35),(654,'absurd','pron (!)','абсурдный, абсурд',NULL,0,0,35),(655,'ridiculous','pron (!)','смешной, нелепый, смехотворный',NULL,0,0,35),(656,'owe','pron (!)','быть должным',NULL,0,0,35),(657,'borrow','borrow from parents','брать в долг','занимать у родителей',0,0,35),(658,'pay back',NULL,'возвращать долг',NULL,0,0,35),(659,'establish',NULL,'устанавливать',NULL,0,0,35),(660,'drop off',NULL,'завезти, подбросить',NULL,0,0,35),(661,'rock','rock the house with the stereo','качать, укачивать','укачать дом музыкой',0,0,35),(662,'pay off',NULL,'рассчитываться, расплачиваться',NULL,0,0,35),(663,'that\'s the least I can do',NULL,'это наименьшее, что я могу сделать',NULL,1,0,35),(664,'Humph',NULL,'Гм! (легкое сомнение)',NULL,0,0,36),(665,'abandon','pron (!)','отказываться',NULL,0,0,36),(666,'out of shape','= poor physical condition (idiom)','быть не в форме',NULL,0,0,36),(667,'physical','= medical examination','медицинский осмотр',NULL,0,0,36),(668,'fatty',NULL,'жирный',NULL,0,0,36),(669,'cut back on',NULL,'сокращать, урезать',NULL,0,0,36),(671,'vascular','','сосудистый','',0,0,36),(672,'cardiovascular',NULL,'сердечно-сосудистый',NULL,0,0,36),(673,'bowl',NULL,'миска',NULL,0,0,36),(674,'build up','build up cardiovascular system','укреплять','укреплять сердечно-сосудистую систему',0,0,36),(675,'to be around',NULL,'быть рядом',NULL,0,0,36),(676,'make something of oneself','(idiom)','быть успешным в карьере',NULL,1,0,37),(677,'get ahead',NULL,'становиться успешным в деловой жизни',NULL,0,0,37),(678,'to raise children','raise | raised | raised\npron (!)','растить детей',NULL,0,0,37),(679,'recall',NULL,'вспоминать',NULL,0,0,37),(680,'neglect','pron (!)','пренебрежение, пренебречь',NULL,0,0,37),(681,'distraction','distraction of video games','отвлечение','отвлечение на видео играх',0,0,37),(682,'off the top of your head','(idiom)','думать сразу без подготовки',NULL,0,0,37),(683,'to feel embarrassed',NULL,'чувствовать себя смущенным',NULL,0,0,37),(684,'attend university',NULL,'учиться (посещать) в университете',NULL,0,0,37),(685,'to major in Spanish',NULL,'специализироваться в испанском языке',NULL,0,0,37),(686,'worth the effort',NULL,'стоящее усилие',NULL,0,0,37),(687,'precinct','pron (!)','полицейский участок',NULL,0,0,38),(688,'unidentified','pron (!)','неопознанный',NULL,0,0,38),(689,'out of this world','= unbelievable\n= incredible','невероятный',NULL,0,0,38),(690,'hurricane','pron (!)','ураган',NULL,0,0,38),(691,'approaching',NULL,'приближающийся',NULL,0,0,38),(692,'flee','flee | fled | fled\n\nflee the area','бежать, спасаться бегством','бежать с территории',0,0,38),(693,'beast',NULL,'зверь, животное',NULL,0,0,38),(694,'flying saucer',NULL,'летающая тарелка',NULL,0,0,38),(695,'overhead',NULL,'над головой, сверху',NULL,0,0,38),(697,'ahead',NULL,'впереди',NULL,0,0,38),(698,'toward',NULL,'по направдению',NULL,0,0,38),(699,'all of a sudden',NULL,'вдруг, внезапно',NULL,0,0,38),(700,'giant','pron (!)','гигансткий',NULL,0,0,38),(701,'jump out',NULL,'выпрыгнуть, выскочить',NULL,0,0,38),(702,'in front of',NULL,'перед, спереди',NULL,0,0,38),(703,'front of a car',NULL,'перед машины',NULL,0,0,38),(704,'make up',NULL,'выдумывать, выдумка',NULL,0,0,38),(705,'wake up','wake | woke | woken','просыпаться',NULL,0,0,38),(706,'alongside',NULL,'рядом',NULL,0,0,38),(707,'peel',NULL,'очищать',NULL,0,0,39),(708,'skin',NULL,'кожура',NULL,0,0,39),(709,'prohibit',NULL,'запрещать',NULL,0,0,39),(710,'supervisor',NULL,'руководитель, начальник, инспектор',NULL,0,0,39),(711,'person in charge',NULL,'ответственное лицо',NULL,0,0,39),(712,'carry-on',NULL,'ручная кладь',NULL,0,0,39),(713,'lighter',NULL,'зажигалка',NULL,0,0,39),(714,'firecracker','= fireworks','фейерверк',NULL,0,0,39),(715,'past this point',NULL,'за этой точкой',NULL,0,0,39),(716,'foot long',NULL,'длиной один фут',NULL,0,0,39),(717,'back there',NULL,'там',NULL,0,0,39),(718,'fly','fly | flew | flown','летать',NULL,0,0,39),(719,'demand','pron (!)','требовать',NULL,0,0,40),(720,'purchaser','pron (!)','покупатель',NULL,0,0,40),(721,'rebate',NULL,'скидка после совершения покупки',NULL,0,0,40),(722,'excel',NULL,'превосходить, выдаваться',NULL,0,0,40),(723,'supply','pron (!)','принадлежности',NULL,0,0,40),(724,'drawer','pron (!)','выдвижной ящик',NULL,0,0,40),(725,'eight grade',NULL,'восьмой класс',NULL,0,0,40),(726,'ruler',NULL,'линейка',NULL,0,0,40),(727,'rule out',NULL,'исключать',NULL,0,0,40),(728,'whatever',NULL,'без разницы',NULL,0,0,40),(729,'adding machine',NULL,'счетная машина',NULL,0,0,40),(730,'kick around',NULL,'путешествовать, тусоваться',NULL,0,0,40),(731,'will cost to me ...',NULL,'будет стоить мне ...',NULL,0,0,40),(732,'talk into sth',NULL,'уговаривать',NULL,0,0,40),(733,'talk out of sth',NULL,'отговаривать от чего-либо',NULL,0,0,40),(734,'pan',NULL,'кастрюля, сковорода',NULL,0,0,41),(735,'nasty','pron (!)','противный, неприятный',NULL,0,0,41),(736,'meal','pron (!)','еда',NULL,0,0,41),(737,'oat',NULL,'овес',NULL,0,0,41),(738,'oatmeal',NULL,'овсяная каша',NULL,0,0,41),(739,'hurt','hurt | hurt | hurt\n\nhurt his feeling','обида, обижать','обидеть его чувства',0,0,41),(740,'weird','pron (!)','странный, непонятный',NULL,0,0,41),(741,'mumble',NULL,'бормотать',NULL,0,0,41),(742,'counter',NULL,'прилавок, стойка',NULL,0,0,41),(743,'kitchen counter',NULL,'кухонная стойка',NULL,0,0,41),(744,'bruise','pron (!)','помять',NULL,0,0,41),(745,'take a bite out of sth',NULL,'откучить от чего-либо',NULL,1,0,41),(746,'cereal','pron (!)','каша, злаки, хлопья',NULL,0,0,41),(747,'powdered milk',NULL,'порошковое молоко',NULL,0,0,41),(748,'pancacke',NULL,'блин, оладья',NULL,0,0,41),(749,'to clean the dishes',NULL,'мыть посуду',NULL,1,0,41),(750,'bacon','pron (!)','бекон',NULL,0,0,41),(751,'to keep things simple',NULL,'смотреть на вещи просто, относиться к вещам проще',NULL,1,0,41),(753,'to take someone fishing',NULL,'взять кого-либо на рыбалку',NULL,0,0,41),(754,'bill',NULL,'банкнота',NULL,0,0,41),(755,'treadmill',NULL,'беговая дорожка',NULL,0,0,42),(756,'irk','pron (!)','раздражать',NULL,0,0,42),(757,'front desk',NULL,'ресепшн',NULL,0,0,42),(758,'fluster',NULL,'волновать, волнение',NULL,0,0,42),(759,'to provide someone with sth',NULL,'предоставить кому-либо что-либо',NULL,1,0,42),(760,'amenity','pron (!)','удобства',NULL,0,0,42),(761,'has had it with smth','(idiom)','быть раздраженным чем-либо','(идиома)',0,0,42),(762,'fee',NULL,'плата, взнос',NULL,0,0,42),(763,'elevator',NULL,'лифт',NULL,0,0,42),(764,'break down',NULL,'ломаться, ломать',NULL,0,0,43),(765,'regain',NULL,'восстановить, вернуть',NULL,0,0,43),(766,'beat the price',NULL,'отбивать цену',NULL,1,0,43),(767,'to raise animals',NULL,'разводить животных',NULL,0,0,43),(768,'ranch',NULL,'ранчо',NULL,0,0,43),(769,'to be upset about sth',NULL,'быть расстроенным чем-либо',NULL,0,0,43),(770,'to blow a tire',NULL,'сдуть шину',NULL,0,0,43),(771,'to adopt',NULL,'усыновлять',NULL,0,0,43),(772,'in advance',NULL,'заранее',NULL,0,0,44),(773,'beforehand',NULL,'заранее',NULL,0,0,44),(774,'The easiest way of doing so is by using custom HTML attribute','','Самый простой способ сделать это - это использовать пользовательский HTML атрибут','',1,0,45),(775,'Bird\'s eye view',NULL,'С высоты птичьего полета',NULL,1,0,45),(776,'Looks in the following manner',NULL,'Выглядит следующим образом',NULL,1,0,45),(777,'Help in',NULL,'Помогать а чем-то',NULL,1,0,45),(778,'There will be times when you want',NULL,'Будут случаи, когда ты захочешь',NULL,1,0,45),(779,'Comes into play',NULL,'Вступает в игру',NULL,1,0,45),(780,'Don\'t even have a clue who could do it',NULL,'Даже не имею понятия, кто может это сделать',NULL,1,0,45),(781,'Try to rearrange an appointment',NULL,'Пытаться переназначить встречу',NULL,1,0,45),(782,'Note enclosed with the book',NULL,'Записка с приложенной книгой',NULL,1,0,45),(783,'Do you coffee?',NULL,'Сделать тебе кофе?',NULL,1,0,45),(784,'We can\'t smoke in here, can we?',NULL,'Мы не можем здесь курить, не так ли?',NULL,1,0,45),(786,'I suggest we go for a swimming this afternoon',NULL,'Я предлагаю пойти поплавать во второй половине дня',NULL,1,0,45),(787,'That\'s no excuse',NULL,'Это не оправдание',NULL,1,0,45),(789,'Each of the characters has both endearing and irritating qualities',NULL,'Каждый персонаж имеет как привлекательные, так и раздражающие качества',NULL,1,0,45),(790,'Cast of believable characters that almost everybody can identify with',NULL,'Тип правдоподобных персонажей с которыми почти каждый может себя отождествить',NULL,1,0,45),(791,'Experiencing dropping sales',NULL,'Испытывают падение продаж',NULL,1,0,45),(792,'To place different demands and have different expactations',NULL,'Ставить разные требования и иметь различные ожидания',NULL,1,0,45),(793,'To set an example',NULL,'Подавать пример',NULL,1,0,45),(794,'To conduct an informal survey',NULL,'Проводить неформальное исследование',NULL,1,0,45),(795,'Density of mobile ownership',NULL,'Удельный вес владения мобильными телефонами',NULL,1,0,45),(796,'To stay in touch that matters',NULL,'Поддерживать отношения, которые имеют значение',NULL,1,0,45),(797,'Mobile phone addiction',NULL,'Зависимость от мобильного телефона',NULL,1,0,45),(798,'To form and maintain relationships',NULL,'Завести и поддерживать отношения',NULL,1,0,45),(799,'Genuine conversation will be driven out by superficial communication',NULL,'Настоящее общение будет вытеснено поверхностной коммуникацией',NULL,1,0,45),(800,'Talk about gossip',NULL,'Обсуждать сплетни',NULL,1,0,45),(801,'Within 3 of 4 years',NULL,'В течение 3-4 лет',NULL,1,0,45),(802,'On your own',NULL,'Самостоятельно',NULL,1,0,45),(803,'Funnily enough',NULL,'Как ни странно',NULL,1,0,45),(804,'Divide time between being a diving instructor and a skiing instructor',NULL,'Разделять время между работой дайвинг инструктором и лыжным инструктором',NULL,1,0,45),(805,'A couple devoted to each other',NULL,'Пара, посвятившая себя друг другу',NULL,1,0,45),(806,'To get to the Croydon by public transport',NULL,'Добраться до Кройдона на публичном транспорте',NULL,1,0,45),(807,'I manage 25 people',NULL,'Я руковожу 25 люьми',NULL,1,0,45),(808,'Janine is just a work colleague of mine. We share as office',NULL,'Джанин просто моя коллега. Мы сидим (разделяем) в одном и том же офисе',NULL,1,0,45),(809,'To get stuck into the whole work thing',NULL,'Застрять в работе',NULL,1,0,45),(810,'To get a great deal of job satisfaction',NULL,'Получать большое удовлетворение от работы',NULL,1,0,45),(811,'To have an eye for detail',NULL,'Быть внимательным к деталям',NULL,1,0,45),(812,'To get the best out of other people',NULL,'Добиться усердия от других людей',NULL,1,0,45),(813,'To be able to meet tight deadlines',NULL,'Быть способным выполнять работу в срок',NULL,1,0,45),(814,'The daily grind we just can\'t do without',NULL,'Повседневная рутинная работа, без которой мы просто не можем обходиться',NULL,1,0,45),(815,'Even as a kid I loved performing in front of other people',NULL,'Даже будучи ребенком я любила выступать перед другими людьми',NULL,1,0,45),(816,'There\'s a sort of buzz that you get from an audience that nothing else quite matches up to',NULL,'Это такой тип эмоционального возбуждения, который ты получаешь от аудитории, что ничто другое вполне не может с этим сравниться',NULL,1,0,45),(818,'Freelancers basically take any assignment that\'s on offer','','Фрилансеры в основном берут любой заказ, который есть в предложении','',1,0,45),(819,'One of our reporters on assignment in China',NULL,'Один из наших репортеров на задании в Китае',NULL,1,0,45),(820,'But however bad they are, you always know that they\'ll be leaving in a few days, so that makes it bearable',NULL,'Но какими бы плохими они не были, ты всегда знаешь, что они будут уезжать через несколько дней, таким образом это делает это терпимым',NULL,1,0,45),(821,'Pretend it isn\'t there',NULL,'Притворяться, что этого нет',NULL,1,0,45),(822,'According to a new study on over 1.000 break-ups, it is the opposite',NULL,'Согласно новому исследованию, проведенному на более чем 1000 разрывов (отношений), все обстоит совсем наоборот',NULL,1,0,45),(823,'Put a brave face on problems',NULL,'Делать храброе лицо в ответ на проблемы',NULL,1,0,45),(824,'to do voluntary work',NULL,'Делать волонтерскую работу',NULL,1,0,45),(825,'to work part-time',NULL,'Работать неполный рабочий день',NULL,1,0,45),(826,'to take retirement',NULL,'Принять отставку',NULL,1,0,45),(827,'to make redundant',NULL,'Уволить по сокращению',NULL,1,0,45),(828,'to work flextime',NULL,'Работать со свободным режимом рабочего дня',NULL,1,0,45),(829,'to do shift work',NULL,'Работать со сменным графиком',NULL,1,0,45),(830,'to strike; to be on strike',NULL,'Бастовать; Быть на забастовке',NULL,1,0,45),(831,'to be on sick leave',NULL,'Быть на больничном',NULL,1,0,45),(832,'to sack',NULL,'Увольнять',NULL,1,0,45),(833,'to resign from job',NULL,'Уволиться с работы',NULL,1,0,45),(834,'To be paid to do all this extra admin',NULL,'Быть оплачиваемым за дополнительную административную работу',NULL,1,0,45),(835,'What\'s going on?',NULL,'Что происходит?',NULL,1,0,45),(836,'To plant a tree',NULL,'Посадить дерево',NULL,1,0,45),(837,'He is extremely modest about his work',NULL,'Он очень скромен относительно своей работы',NULL,1,0,45),(838,'What has driven him to create these gardens?',NULL,'Что его привело к созданию этих садов?',NULL,1,0,45),(839,'To work on a secret task',NULL,'Работать над секретным заданием?',NULL,1,0,45),(840,'Was discovered by accident',NULL,'Был обнаружен случайно',NULL,1,0,45),(841,'A few blocks from the museum',NULL,'В нескольких кварталах от музея',NULL,1,0,45),(842,'There are supposed to be some really nice places to pick up souvenirs',NULL,'Там должны быть некоторые действительно хорошие места, чтобы подобрать суверины',NULL,1,0,45),(843,'Fifty dollars in cash',NULL,'50 долларов наличными',NULL,1,0,45),(844,'Glad you could make it',NULL,'Рад, чтобы ты смог приехать',NULL,1,0,45),(845,'Sculpture stands 24 feet high',NULL,'Статуя стоит 24 фута в высоту',NULL,1,0,45),(846,'A mere 10% is recycled',NULL,'Всего лишь 10% перерабатывается',NULL,1,0,45),(847,'5 essential elements',NULL,'5 основных элементов',NULL,1,0,45),(848,'throughout the building',NULL,'по всему зданию',NULL,1,0,45),(849,'unforeseen demands',NULL,'непредвиденные нужды',NULL,1,0,45),(850,'To last 5 weeks',NULL,'Продолжаться 5 недель',NULL,1,0,45),(851,'To hand s sheet of paper',NULL,'Передать лист бумаги',NULL,1,0,45),(852,'Is payable to smb',NULL,'Подлежащий уплате кому-либо',NULL,1,0,45),(853,'To look blank',NULL,'Выглядеть озадаченным',NULL,1,0,45),(854,'Explain in your own words',NULL,'Объясни своими словами',NULL,1,0,45),(855,'Is surplus to his own requirements',NULL,'Избыточный для его личных потребностей',NULL,1,0,45),(856,'Braided hair',NULL,'Сплетенные волосы',NULL,1,0,45),(857,'Sat at her desk',NULL,'Села за ее стол',NULL,1,0,45),(858,'To smile broadly',NULL,'Улыбаться широко',NULL,1,0,45),(859,'She will have finished it by lunchtime at the latest',NULL,'Она закончит это к обеденному времени самое позднее',NULL,1,0,45),(860,'By the time I get back',NULL,'К тому времени как я вернусь',NULL,1,0,45),(861,'Set up a new business',NULL,'Открывать новый бизнес',NULL,1,0,45),(862,'To declare victory over the king',NULL,'Объявить победу над королем',NULL,1,0,45),(863,'As far as I can see',NULL,'Насколько я могу видеть',NULL,1,0,45),(864,'I know for a fact that he evidence does not back this up',NULL,'Я знаю как факт, что очевидность этого не поддерживает',NULL,1,0,45),(865,'Throughout the world',NULL,'По всему миру',NULL,1,0,45),(866,'Most people are embracing the mixing of cultures and the new things that are being created all the time',NULL,'Большинство людей принимают смешивание культур и новые вещи, которые создаются все время',NULL,1,0,45),(867,'To be hugely rich in culture and art',NULL,'Иметь очень богатую культуру и искусство',NULL,1,0,45),(868,'Enormous loads could be carried by just one person',NULL,'Огромные грузы могли быть перевезены всего одним человеком',NULL,1,0,45),(869,'Think about how far each of the statements above is true for you',NULL,'Подумай, насколько каждое из утверждений выше является верным для тебя',NULL,1,0,45),(870,'Spend yourself in a hole','(idiom)','Разбрасываться деньгами и влезать в серьезные долги','(идиома)',1,0,45),(871,'You can\'t take any liquids like this bottled water past this point',NULL,'Ты не можешь брать какие-либо жидкости, такие как бутилированная вода, за эту точку',NULL,1,0,45),(872,'To take $20 bill out of your wallet',NULL,'Взять 20-долларовую банкноту из твоего кошелька',NULL,1,0,45);
/*!40000 ALTER TABLE `words` ENABLE KEYS */;
UNLOCK TABLES;

--
-- Table structure for table `wordtype`
--

DROP TABLE IF EXISTS `wordtype`;
/*!40101 SET @saved_cs_client     = @@character_set_client */;
/*!40101 SET character_set_client = utf8 */;
CREATE TABLE `wordtype` (
  `id` int(11) NOT NULL AUTO_INCREMENT,
  `name` char(8) NOT NULL,
  PRIMARY KEY (`id`)
) ENGINE=InnoDB AUTO_INCREMENT=2 DEFAULT CHARSET=utf8;
/*!40101 SET character_set_client = @saved_cs_client */;

--
-- Dumping data for table `wordtype`
--

LOCK TABLES `wordtype` WRITE;
/*!40000 ALTER TABLE `wordtype` DISABLE KEYS */;
INSERT INTO `wordtype` VALUES (0,'word'),(1,'phrase');
/*!40000 ALTER TABLE `wordtype` ENABLE KEYS */;
UNLOCK TABLES;
/*!40103 SET TIME_ZONE=@OLD_TIME_ZONE */;

/*!40101 SET SQL_MODE=@OLD_SQL_MODE */;
/*!40014 SET FOREIGN_KEY_CHECKS=@OLD_FOREIGN_KEY_CHECKS */;
/*!40014 SET UNIQUE_CHECKS=@OLD_UNIQUE_CHECKS */;
/*!40101 SET CHARACTER_SET_CLIENT=@OLD_CHARACTER_SET_CLIENT */;
/*!40101 SET CHARACTER_SET_RESULTS=@OLD_CHARACTER_SET_RESULTS */;
/*!40101 SET COLLATION_CONNECTION=@OLD_COLLATION_CONNECTION */;
/*!40111 SET SQL_NOTES=@OLD_SQL_NOTES */;

-- Dump completed on 2016-10-24  0:40:17
